{
    "Entries": [
        {
            "routine": "",
            "time": "",
            "place": ""
        },
        {
            "routine": "",
            "time": "",
            "place": ""
        },
        {
            "routine": "",
            "time": "",
            "place": ""
        },
        {
            "routine": "",
            "time": "",
            "place": ""
        },
        {
            "routine": "",
            "time": "",
            "place": ""
        },
        {
            "routine": "",
            "time": "",
            "place": ""
        },
        {
            "routine": "",
            "time": "",
            "place": ""
        }
    ],
    "routines": []
}